Workbook

Sheet How to use
A1: AI Readiness Scorecard — Appendix H
A2: Companion to 'Software Engineering with AI' by Ryan Byrd.
A4: 1. Go to the Scorecard tab. For each criterion, pick pass / partial / fail in the Status column.
A5: pass = fully present | partial = present but weak | fail/blank = absent
A6: 2. Score, TOTAL, PERCENT, and READINESS compute automatically. Weights: 1=nice-to-have, 2=important, 3=critical.
A7: 3. The Summary tab breaks the score down by category.
A9: Bands: <40% Not ready | 40-69% Partial | 70-89% Solid | 90%+ Exemplary.
A10: Prefer the automated version when you have the repo on disk: scripts/ai-readiness-audit.py (same criteria).

Sheet Scorecard
A1: Category | B1: Criterion | C1: Chapter | D1: Weight | E1: Status | F1: Score
A2: Repo legibility | B2: CLAUDE.md exists at repo root | C2: Ch 6, Appendix A | D2: 3 | F2: =IF(E2="pass",D2,IF(E2="partial",D2/2,0))
A3: Repo legibility | B3: AGENTS.md exists (cross-vendor agent guidance) | C3: Ch 6, Appendix B | D3: 2 | F3: =IF(E3="pass",D3,IF(E3="partial",D3/2,0))
A4: Repo legibility | B4: llms.txt exists (repo route map) | C4: Ch 6 §6.5.3 | D4: 1 | F4: =IF(E4="pass",D4,IF(E4="partial",D4/2,0))
A5: Repo legibility | B5: README.md exists | C5: Ch 6 §6.4 | D5: 2 | F5: =IF(E5="pass",D5,IF(E5="partial",D5/2,0))
A6: Repo legibility | B6: Per-package READMEs in monorepos | C6: Ch 10, Ch 12 | D6: 1 | F6: =IF(E6="pass",D6,IF(E6="partial",D6/2,0))
A7: Verify command | B7: verify command defined | C7: Ch 7 | D7: 3 | F7: =IF(E7="pass",D7,IF(E7="partial",D7/2,0))
A8: Verify command | B8: Verify pipeline includes lint | C8: Ch 7 | D8: 2 | F8: =IF(E8="pass",D8,IF(E8="partial",D8/2,0))
A9: Verify command | B9: Verify pipeline includes typecheck/format | C9: Ch 7 | D9: 2 | F9: =IF(E9="pass",D9,IF(E9="partial",D9/2,0))
A10: Verify command | B10: Verify pipeline includes tests | C10: Ch 7 | D10: 3 | F10: =IF(E10="pass",D10,IF(E10="partial",D10/2,0))
A11: Test discipline | B11: Test files exist | C11: Ch 8 | D11: 3 | F11: =IF(E11="pass",D11,IF(E11="partial",D11/2,0))
A12: Test discipline | B12: CI workflow exists | C12: Ch 8 | D12: 2 | F12: =IF(E12="pass",D12,IF(E12="partial",D12/2,0))
A13: Harness | B13: .claude/ directory exists | C13: Ch 13-15 | D13: 3 | F13: =IF(E13="pass",D13,IF(E13="partial",D13/2,0))
... A24: Governance | B24: .claude/settings.json has explicit permissions | C24: Ch 17, Ch 32 | D24: 2 | F24: =IF(E24="pass",D24,IF(E24="partial",D24/2,0))
C25: TOTAL | D25: =SUM(D2:D24) | F25: =SUM(F2:F24)
C26: PERCENT | F26: =IF(D25=0,0,F25/D25)
C27: READINESS | F27: =IF(F26>=0.9,"Exemplary",IF(F26>=0.7,"Solid",IF(F26>=0.4,"Partial — close the criticals","Not ready — start with CLAUDE.md + verify + hooks")))

Sheet Summary
A1: Category | B1: Earned | C1: Possible | D1: %
A2: Repo legibility | B2: =SUMIF(Scorecard!A:A,A2,Scorecard!F:F) | C2: =SUMIF(Scorecard!A:A,A2,Scorecard!D:D) | D2: =IF(C2=0,0,B2/C2)
A3: Verify command | B3: =SUMIF(Scorecard!A:A,A3,Scorecard!F:F) | C3: =SUMIF(Scorecard!A:A,A3,Scorecard!D:D) | D3: =IF(C3=0,0,B3/C3)
A4: Test discipline | B4: =SUMIF(Scorecard!A:A,A4,Scorecard!F:F) | C4: =SUMIF(Scorecard!A:A,A4,Scorecard!D:D) | D4: =IF(C4=0,0,B4/C4)
A5: Harness | B5: =SUMIF(Scorecard!A:A,A5,Scorecard!F:F) | C5: =SUMIF(Scorecard!A:A,A5,Scorecard!D:D) | D5: =IF(C5=0,0,B5/C5)
A6: PR discipline | B6: =SUMIF(Scorecard!A:A,A6,Scorecard!F:F) | C6: =SUMIF(Scorecard!A:A,A6,Scorecard!D:D) | D6: =IF(C6=0,0,B6/C6)
A7: Governance | B7: =SUMIF(Scorecard!A:A,A7,Scorecard!F:F) | C7: =SUMIF(Scorecard!A:A,A7,Scorecard!D:D) | D7: =IF(C7=0,0,B7/C7)
A8: Cost & observability | B8: =SUMIF(Scorecard!A:A,A8,Scorecard!F:F) | C8: =SUMIF(Scorecard!A:A,A8,Scorecard!D:D) | D8: =IF(C8=0,0,B8/C8)
